Question,Answer
What undergraduate programs does QAU offer in Natural Sciences?,"QAU offers BS programs in Chemistry, Physics, Mathematics, Statistics, Electronics, Earth Sciences, Environmental Sciences, and Computer Sciences in the Natural Sciences domain."
How many years is the BS program at QAU?,The BS program at QAU is typically 4 years (8 semesters) with 130-136 credit hours depending on the department.
What is the eligibility criterion for admission to BS programs at QAU?,Eligibility for BS programs at QAU requires at least 50% marks in intermediate (HSSC/A-Level) or equivalent in the relevant field. Some departments may have additional subject requirements.
Does QAU offer BS in Computer Science?,"Yes, QAU offers BS in Computer Science through the Department of Computer Science with a curriculum focusing on programming, algorithms, data structures, software engineering, and other core computing topics."
What is the fee structure for BS programs at QAU?,"BS program fees at QAU typically range from 25,000 to 40,000 PKR per semester for local students, varying by department. Additional charges include admission fee, security deposit, and examination fees."
Does QAU offer any scholarships for BS students?,"Yes, QAU offers various scholarships for BS students including merit-based scholarships, need-based financial aid, HEC scholarships, and the Prime Minister's Fee Reimbursement Scheme for deserving students."
What is the admission process for BS programs at QAU?,"The BS admission process at QAU includes online application submission, entrance test, merit list preparation based on intermediate results and entrance test scores, document verification, and fee payment."
When are the BS admissions usually announced at QAU?,BS admissions at QAU are typically announced twice a year - Fall admissions in July-August and Spring admissions in December-January. Exact dates are published on the university website.
What social science programs are available at BS level in QAU?,"QAU offers BS programs in social sciences including Economics, Anthropology, Sociology, History, International Relations, Pakistan Studies, Psychology, and Defense & Strategic Studies."
Is there a BS program in Biotechnology at QAU?,"Yes, QAU offers BS Biotechnology through the Department of Biotechnology, covering molecular biology, genetic engineering, biochemistry, microbiology, and biotechnology applications."
What is the student-teacher ratio in BS programs at QAU?,"The student-teacher ratio in BS programs at QAU is approximately 20:1, though this may vary by department. Popular programs might have slightly higher ratios."
Does QAU offer BS in Pharmacy?,"Yes, QAU offers a BS in Pharmacy (Pharm-D) program through the Department of Pharmacy, which is a 5-year professional degree program approved by the Pharmacy Council of Pakistan."
What are the core courses in BS Mathematics at QAU?,"Core courses in BS Mathematics at QAU include Calculus, Linear Algebra, Abstract Algebra, Real Analysis, Complex Analysis, Differential Equations, Numerical Analysis, and Mathematical Statistics."
Is there a BS program in Environmental Sciences at QAU?,"Yes, QAU offers BS in Environmental Sciences, covering ecology, environmental chemistry, pollution control, environmental impact assessment, and sustainable development."
What facilities are available for BS students at QAU?,"BS students at QAU have access to libraries, computer labs, science laboratories, sports facilities, hostels, cafeterias, medical center, transport services, and career counseling."
Does QAU offer any double major options at BS level?,"Currently, QAU does not formally offer double major options at BS level, but students can take elective courses from other departments to broaden their knowledge base."
What is the grading system used for BS programs at QAU?,"QAU uses a 4.0 GPA system for BS programs: A=4.0 (90-100%), A-=3.7 (85-89%), B+=3.3 (80-84%), B=3.0 (75-79%), B-=2.7 (70-74%), C+=2.3 (65-69%), C=2.0 (60-64%), C-=1.7 (55-59%), D=1.0 (50-54%), F=0.0 (<50%)."
Is there a semester or annual system for BS programs at QAU?,"QAU follows a semester system for BS programs with two regular semesters (Fall and Spring) of 16-18 weeks each, and an optional Summer semester of 8 weeks."
What is the minimum CGPA required to graduate with a BS degree from QAU?,Students must maintain a minimum CGPA of 2.0 out of 4.0 to graduate with a BS degree from QAU. Some departments may have higher requirements for honors.
Does QAU offer BS in Business Administration?,"Yes, QAU offers BS in Business Administration through the School of Management Sciences, covering management principles, marketing, finance, human resources, and entrepreneurship."
What research opportunities are available for BS students at QAU?,"BS students at QAU can participate in research through final year projects, research assistantships with faculty, undergraduate research programs, and departmental research initiatives."
Is there a BS program in Islamic Studies at QAU?,"Yes, QAU offers BS in Islamic Studies through the Department of Islamic Studies, covering Islamic history, jurisprudence, Quranic studies, Hadith, and comparative religions."
What is the medium of instruction for BS programs at QAU?,"The primary medium of instruction for BS programs at QAU is English, with some courses in Islamic Studies and Pakistan Studies departments occasionally conducted in Urdu."
What is the attendance requirement for BS courses at QAU?,BS students at QAU are required to maintain at least 75% attendance in each course. Failing to meet this requirement may result in an 'F' grade regardless of academic performance.
Does QAU offer BS in Political Science?,"Yes, QAU offers BS in Political Science through the Department of Politics and International Relations, covering political theory, governance, public policy, and comparative politics."
What internship opportunities are available for BS students at QAU?,"BS students at QAU can access internships through the Career Development Center, departmental connections with industry, government organizations, NGOs, and research institutions."
Is there a BS program in Geology at QAU?,"Yes, QAU offers BS in Geology/Earth Sciences through the Department of Earth Sciences, covering mineralogy, petrology, stratigraphy, structural geology, and geophysics."
What is the credit hour distribution in BS programs at QAU?,"BS programs at QAU typically require 130-136 credit hours, distributed as: 40-45% major courses, 25-30% foundation courses, 15-20% general education, and 10-15% electives."
Does QAU offer any evening BS programs?,"Yes, QAU offers selected BS programs in evening shifts, particularly in Business Administration, Computer Science, and some Social Sciences departments to accommodate working professionals."
What is the policy for course registration in BS programs at QAU?,Course registration for BS programs at QAU occurs at the beginning of each semester through the online portal. Students can register for 15-21 credit hours per regular semester based on their CGPA.
Is there a BS program in Physics at QAU?,"Yes, QAU offers BS in Physics through the Department of Physics, covering classical mechanics, quantum physics, electromagnetism, thermodynamics, nuclear physics, and electronics."
What student societies and clubs are available for BS students at QAU?,"BS students at QAU can join various societies including Literary Society, Debating Club, Science Society, Arts Council, Sports Club, Environmental Society, and department-specific academic clubs."
Does QAU offer BS in Linguistics?,"Yes, QAU offers BS in Linguistics through the Department of Linguistics, covering phonetics, phonology, morphology, syntax, semantics, and applied linguistics."
What is the policy for changing majors during BS at QAU?,"Major changes during BS at QAU require departmental approval and are typically possible only during the first two semesters, subject to meeting the new department's requirements and available capacity."
Is there a BS program in Chemistry at QAU?,"Yes, QAU offers BS in Chemistry through the Department of Chemistry, covering organic, inorganic, physical, and analytical chemistry with laboratory components."
What computing facilities are available for BS students at QAU?,"BS students at QAU have access to computer labs equipped with necessary software, campus-wide Wi-Fi, digital library resources, and specialized computing facilities in relevant departments."
Does QAU offer BS in Microbiology?,"Yes, QAU offers BS in Microbiology through the Department of Microbiology, covering bacteriology, virology, immunology, medical microbiology, and industrial applications."
What is the policy for repeating courses in BS programs at QAU?,"Students in BS programs at QAU can repeat courses in which they received a grade below C. The better grade is counted for CGPA, but both attempts appear on the transcript."
Is there a BS program in Economics at QAU?,"Yes, QAU offers BS in Economics through the School of Economics, covering microeconomics, macroeconomics, econometrics, development economics, and international trade."
What library resources are available for BS students at QAU?,"BS students at QAU have access to the Central Library with extensive print collections, digital resources, online journals, e-books, thesis repository, and specialized departmental libraries."
Does QAU offer BS in Psychology?,"Yes, QAU offers BS in Psychology through the Department of Psychology, covering clinical, cognitive, developmental, social psychology, and research methods."
What is the class size for BS programs at QAU?,"BS program class sizes at QAU typically range from 40-60 students for core courses and 20-30 students for specialized courses, depending on the department and course popularity."
Is there a BS program in Biochemistry at QAU?,"Yes, QAU offers BS in Biochemistry through the Department of Biochemistry, covering molecular biology, metabolism, enzymology, and cellular biochemistry."
What sports facilities are available for BS students at QAU?,"BS students at QAU have access to sports facilities including cricket and football grounds, basketball and tennis courts, indoor games, gymnasium, and swimming pool with regular tournaments."
Does QAU offer BS in International Relations?,"Yes, QAU offers BS in International Relations through the Department of International Relations, covering global politics, diplomacy, international law, security studies, and foreign policy analysis."
What is the academic calendar for BS programs at QAU?,"The academic calendar for BS programs at QAU typically consists of Fall semester (September-January), Spring semester (February-June), and optional Summer semester (July-August)."
Is there a BS program in Bioinformatics at QAU?,"Yes, QAU offers BS in Bioinformatics through the Department of Bioinformatics, covering computational biology, genomics, proteomics, and biological data analysis."
What hostel facilities are available for BS students at QAU?,"QAU provides separate hostel facilities for male and female BS students with accommodations including rooms, mess, common rooms, internet access, and security. Allocation is typically based on distance from Islamabad."
Does QAU offer BS in Software Engineering?,"Yes, QAU offers BS in Software Engineering through the Department of Computer Science, focusing on software development methodologies, programming, system design, and project management."
What is the procedure for semester withdrawal in BS programs at QAU?,"Semester withdrawal in BS programs at QAU requires formal application before the eighth week, approval from the department chair, and payment of continuation fee to maintain student status."
Is there a BS program in Zoology at QAU?,"Yes, QAU offers BS in Zoology through the Department of Animal Sciences, covering animal physiology, ecology, entomology, parasitology, and wildlife conservation."
What transportation facilities are available for BS students at QAU?,"QAU provides shuttle services for BS students between various points in Islamabad/Rawalpindi and the campus, with routes covering major residential areas and transport hubs."
Does QAU offer BS in Botany?,"Yes, QAU offers BS in Botany through the Department of Plant Sciences, covering plant physiology, taxonomy, ecology, genetics, and biotechnology applications in plants."
What counseling services are available for BS students at QAU?,"BS students at QAU have access to academic advisors in their departments, a central counseling center for personal issues, and career counseling services for professional development."
Is there a BS program in Mass Communication at QAU?,"Yes, QAU offers BS in Mass Communication through the Department of Media and Communication Studies, covering journalism, broadcasting, digital media, and communication theory."
What is the policy for course add/drop in BS programs at QAU?,BS students at QAU can add or drop courses within the first two weeks of a semester without penalty. Changes after this period require special approval and may appear on transcripts.
Does QAU offer BS in Gender Studies?,"Yes, QAU offers BS in Gender Studies through the Department of Gender Studies, covering gender theory, women's rights, social inequality, and gender in development."
What medical facilities are available for BS students at QAU?,"BS students at QAU have access to on-campus medical center providing basic healthcare, first aid, consultations, and referrals to specialized hospitals in emergency situations."
Is there a BS program in Statistics at QAU?,"Yes, QAU offers BS in Statistics through the Department of Statistics, covering statistical theory, probability, data analysis, experimental design, and statistical computing."
What is the procedure for applying for financial aid for BS programs at QAU?,"Financial aid applications for BS programs at QAU require submission of family income documentation, academic records, and need assessment forms to the Financial Aid Office, typically at the beginning of each academic year."
Does QAU offer BS in Sociology?,"Yes, QAU offers BS in Sociology through the Department of Sociology, covering social theory, research methods, social problems, demography, and community development."
What extracurricular activities are available for BS students at QAU?,"BS students at QAU can participate in extracurricular activities including debates, music, drama, literary competitions, sports tournaments, community service, and annual cultural festivals."
Is there a BS program in Anthropology at QAU?,"Yes, QAU offers BS in Anthropology through the Department of Anthropology, covering cultural and social anthropology, archaeology, biological anthropology, and ethnographic research methods."
What is the examination system for BS programs at QAU?,"The examination system for BS programs at QAU includes continuous assessment (assignments, quizzes, presentations) worth 40-50% and end-semester examinations worth 50-60% of the final grade."
Does QAU offer BS in Public Administration?,"Yes, QAU offers BS in Public Administration through the Department of Public Administration, covering governance, public policy, administrative theory, and public sector management."
What is the plagiarism policy for BS assignments and projects at QAU?,"QAU has a strict plagiarism policy for BS assignments and projects, using similarity detection software. Cases exceeding acceptable similarity levels face penalties ranging from grade reduction to course failure or expulsion."
Is there a BS program in Earth Sciences at QAU?,"Yes, QAU offers BS in Earth Sciences through the Department of Earth Sciences, covering geology, meteorology, oceanography, environmental geology, and geophysics."
What student support services are available for BS students with disabilities at QAU?,"QAU provides support services for BS students with disabilities including accessible infrastructure, exam accommodations, assistive technology, and dedicated staff to address special needs."
Does QAU offer BS in Defense and Strategic Studies?,"Yes, QAU offers BS in Defense and Strategic Studies, covering national security, military strategy, conflict resolution, international security, and strategic analysis."
What is the procedure for semester deferment for BS students at QAU?,"Semester deferment for BS students at QAU requires formal application with valid reasons (medical, personal emergency), supporting documentation, and approval from the department and Dean of Faculty."
Is there a BS program in Biotechnology at QAU?,"Yes, QAU offers BS in Biotechnology through the Department of Biotechnology, covering genetic engineering, microbial biotechnology, bioprocess technology, and molecular biology."
What career services are available for BS graduates from QAU?,"BS graduates from QAU can access career services including job placement assistance, career counseling, CV development workshops, interview preparation, job fairs, and alumni networking opportunities."
Does QAU offer BS in Mathematics?,"Yes, QAU offers BS in Mathematics through the Department of Mathematics, covering pure and applied mathematics, mathematical modeling, and computational mathematics."
What is the policy for inter-university credit transfer to BS programs at QAU?,"Inter-university credit transfer to BS programs at QAU requires courses with similar content and credit hours, grades of C or above, accredited institution status, and approval from the relevant department and Equivalence Committee."
Is there a BS program in Pakistan Studies at QAU?,"Yes, QAU offers BS in Pakistan Studies through the Department of Pakistan Studies, covering national history, politics, culture, economy, and foreign relations."
What IT services are available for BS students at QAU?,"BS students at QAU have access to IT services including email accounts, learning management systems, online registration portal, digital library access, and technical support services."
Does QAU offer BS in Urdu Literature?,"Yes, QAU offers BS in Urdu Literature through the Department of Urdu, covering classical and modern Urdu literature, linguistics, literary criticism, and creative writing."
What is the procedure for transcript issuance for BS programs at QAU?,"Transcript issuance for BS programs at QAU requires application through the Examination Department, payment of prescribed fee, verification of records, and processing time of 3-7 working days."
Is there a BS program in Electronics at QAU?,"Yes, QAU offers BS in Electronics through the Department of Electronics, covering electronic circuits, digital systems, microprocessors, communication systems, and signal processing."
What student exchange programs are available for BS students at QAU?,"BS students at QAU can participate in exchange programs through partnerships with international universities, HEC mobility programs, and bilateral academic exchange initiatives for one or two semesters."
Does QAU offer BS in History?,"Yes, QAU offers BS in History through the Department of History, covering ancient civilizations, medieval history, modern world history, and regional historical studies."
What is the policy for semester freezing in BS programs at QAU?,"Semester freezing in BS programs at QAU allows students to temporarily suspend studies for up to two consecutive semesters with proper application, valid reason, and administrative approval."
Is there a BS program in Arabic at QAU?,"Yes, QAU offers BS in Arabic through the Department of Arabic, covering Arabic language, literature, grammar, rhetoric, and translation studies."
What alumni services are available for BS graduates from QAU?,"BS graduates from QAU can access alumni services including alumni association membership, networking events, continuing education opportunities, career advancement support, and university facility access."
Does QAU offer BS in Environmental Science?,"Yes, QAU offers BS in Environmental Science through the Department of Environmental Sciences, covering ecology, pollution monitoring, environmental management, and sustainable development."
What student representation bodies exist for BS students at QAU?,"BS students at QAU are represented through departmental student representatives, faculty student committees, and the central Students Affairs Office for academic and administrative matters."
Is there a BS program in Persian at QAU?,"Yes, QAU offers BS in Persian through the Department of Persian, covering Persian language, classical and modern literature, poetry, and cultural studies."
What is the policy for summer internships for BS students at QAU?,Summer internships for BS students at QAU can be credit-based (requiring registration and assessment) or non-credit voluntary experiences arranged through departments or the Career Development Center.
Does QAU offer an MPhil in Biochemistry?,"Yes, QAU offers an MPhil in Biochemistry through the Department of Biochemistry, focusing on advanced enzyme studies, protein chemistry, molecular biology, and metabolic research."
What is the duration of MPhil programs at QAU?,MPhil programs at QAU are typically 2 years (4 semesters) in duration with 24-30 credit hours of coursework and a thesis component of 6-10 credit hours.
What are the admission requirements for MPhil programs at QAU?,"Admission requirements for MPhil programs at QAU include a relevant BS/Master's degree with at least 2.5 CGPA or 50% marks, passing the departmental admission test, and an interview."
Does QAU offer an MPhil in Physics?,"Yes, QAU offers an MPhil in Physics through the Department of Physics, with specializations in theoretical physics, solid state physics, nuclear physics, and particle physics."
What is the fee structure for MPhil programs at QAU?,"MPhil program fees at QAU typically range from 35,000 to 50,000 PKR per semester for local students, plus one-time admission fee, thesis evaluation fee, and other charges."
Does QAU offer scholarships for MPhil students?,"Yes, QAU offers various scholarships for MPhil students including HEC scholarships, research assistantships, teaching assistantships, and merit-based university scholarships."
What is the admission process for MPhil programs at QAU?,"The MPhil admission process at QAU includes online application, qualifying in the university entrance test, departmental subject test, interview by the departmental committee, and final selection based on merit."
When are MPhil admissions announced at QAU?,MPhil admissions at QAU are typically announced once a year in the Fall semester (July-August). Exact dates are published on the university website and in national newspapers.
Does QAU offer an MPhil in Computer Science?,"Yes, QAU offers an MPhil in Computer Science with specializations in artificial intelligence, data science, computer networks, information security, and software engineering."
What is the thesis requirement for MPhil programs at QAU?,"The MPhil thesis at QAU requires original research contribution, supervised by a faculty advisor, defended before a committee, and typically worth 6-10 credit hours of the total program."
Does QAU offer an MPhil in Economics?,"Yes, QAU offers an MPhil in Economics through the School of Economics, with focus areas in development economics, monetary economics, international trade, and econometrics."
What is the grading system for MPhil programs at QAU?,"QAU uses a 4.0 GPA system for MPhil programs: A=4.0 (90-100%), A-=3.7 (85-89%), B+=3.3 (80-84%), B=3.0 (75-79%), B-=2.7 (70-74%), C+=2.3 (65-69%), C=2.0 (60-64%), F=0.0 (<60%)."
Does QAU offer an MPhil in International Relations?,"Yes, QAU offers an MPhil in International Relations focusing on global politics, strategic studies, foreign policy analysis, international law, and regional studies."
What research facilities are available for MPhil students at QAU?,"MPhil students at QAU have access to specialized research laboratories, advanced computing facilities, departmental research centers, digital library resources, and research software packages."
Does QAU offer an MPhil in Chemistry?,"Yes, QAU offers an MPhil in Chemistry with specializations in organic chemistry, inorganic chemistry, physical chemistry, analytical chemistry, and biochemistry."
What is the comprehensive exam requirement for MPhil programs at QAU?,"Most MPhil programs at QAU require passing a comprehensive examination after completing coursework, before proceeding to thesis research. Format varies by department (written, oral, or both)."
Does QAU offer an MPhil in Biotechnology?,"Yes, QAU offers an MPhil in Biotechnology focusing on genetic engineering, industrial biotechnology, agricultural biotechnology, and medical biotechnology applications."
What is the minimum CGPA requirement for MPhil programs at QAU?,MPhil students at QAU must maintain a minimum CGPA of 2.5 out of 4.0 throughout the program. Falling below this threshold may result in academic probation or dismissal.
Does QAU offer an MPhil in Mathematics?,"Yes, QAU offers an MPhil in Mathematics with specializations in pure mathematics, applied mathematics, computational mathematics, and mathematical modeling."
What is the supervisor allocation process for MPhil students at QAU?,"MPhil supervisor allocation at QAU typically occurs after the first semester, based on student research interests, faculty expertise, mutual consent, and departmental approval."
Does QAU offer an MPhil in Microbiology?,"Yes, QAU offers an MPhil in Microbiology focusing on medical microbiology, environmental microbiology, industrial microbiology, and molecular microbiology."
What is the thesis defense procedure for MPhil programs at QAU?,"MPhil thesis defense at QAU involves submission of the thesis draft, approval by supervisor, external evaluation, public presentation, viva voce examination, and final submission after addressing committee feedback."
Does QAU offer an MPhil in Psychology?,"Yes, QAU offers an MPhil in Psychology with specializations in clinical psychology, organizational psychology, educational psychology, and cognitive psychology."
What is the attendance requirement for MPhil courses at QAU?,MPhil students at QAU are required to maintain at least 75% attendance in each course. Failing to meet this requirement may result in course withdrawal regardless of academic performance.
Does QAU offer an MPhil in Environmental Sciences?,"Yes, QAU offers an MPhil in Environmental Sciences focusing on environmental monitoring, pollution control, climate change, environmental impact assessment, and natural resource management."
What is the coursework distribution in MPhil programs at QAU?,"MPhil programs at QAU typically include 24-30 credit hours of coursework (core courses, electives, research methods) and 6-10 credit hours for thesis research and writing."
Does QAU offer an MPhil in Statistics?,"Yes, QAU offers an MPhil in Statistics with specializations in biostatistics, econometrics, time series analysis, sampling techniques, and statistical computing."
What is the policy for course registration in MPhil programs at QAU?,MPhil course registration at QAU occurs at the beginning of each semester through the department and online portal. Students typically register for 9-12 credit hours per semester.
Does QAU offer an MPhil in Anthropology?,"Yes, QAU offers an MPhil in Anthropology focusing on social and cultural anthropology, archaeology, physical anthropology, and anthropological research methods."
What is the thesis proposal defense requirement for MPhil programs at QAU?,"MPhil students at QAU must defend their thesis proposals before a departmental committee, typically in the third semester, outlining research questions, methodology, and significance."
Does QAU offer an MPhil in Bioinformatics?,"Yes, QAU offers an MPhil in Bioinformatics focusing on computational biology, genomics data analysis, biological databases, and bioinformatics tools development."
What is the policy for changing supervisors during MPhil at QAU?,"Changing MPhil supervisors at QAU requires formal application with valid reasons, approval from both current and proposed supervisors, and final endorsement by the department chairperson."
Does QAU offer an MPhil in Islamic Studies?,"Yes, QAU offers an MPhil in Islamic Studies with specializations in Islamic jurisprudence, Islamic history, Quranic studies, Hadith sciences, and comparative religions."
What is the policy for thesis submission deadline extensions for MPhil students at QAU?,"MPhil thesis submission deadline extensions at QAU may be granted for up to six months with proper justification, supervisor recommendation, and approval from the Graduate Studies Committee."
Does QAU offer an MPhil in Sociology?,"Yes, QAU offers an MPhil in Sociology focusing on social theory, research methodology, social problems, demography, and development studies."
What is the policy for course withdrawal in MPhil programs at QAU?,MPhil students at QAU can withdraw from individual courses within the first six weeks of a semester with a 'W' grade. Later withdrawals result in 'WF' (withdrawal failing) grade.
Does QAU offer an MPhil in Earth Sciences?,"Yes, QAU offers an MPhil in Earth Sciences with specializations in geology, geophysics, hydrogeology, environmental geology, and mineral resources."
What is the minimum and maximum duration to complete MPhil at QAU?,"The minimum duration to complete an MPhil at QAU is 2 years, while the maximum allowed time is 4 years, after which extensions require special approval."
Does QAU offer an MPhil in Public Administration?,"Yes, QAU offers an MPhil in Public Administration focusing on public policy, governance, public sector management, and administrative theory."
What is the policy for research publication for MPhil students at QAU?,"While not always mandatory, MPhil students at QAU are encouraged to publish at least one research paper in a recognized journal before thesis defense, with some departments making it a requirement."
Does QAU offer an MPhil in Mass Communication?,"Yes, QAU offers an MPhil in Mass Communication focusing on media theory, journalism, broadcasting, digital media, and communication research methods."
What are the library resources available for MPhil students at QAU?,"MPhil students at QAU have access to extensive library resources including research journals, online databases, e-books, thesis repositories, inter-library loan services, and research consultation."
Does QAU offer an MPhil in History?,"Yes, QAU offers an MPhil in History with specializations in South Asian history, Islamic history, modern world history, and historiography."
What is the procedure for thesis format and submission at QAU for MPhil students?,"MPhil thesis submission at QAU requires following prescribed format guidelines, plagiarism check, supervisor approval, submission of required copies to examination department, and payment of evaluation fee."
Does QAU offer an MPhil in Gender Studies?,"Yes, QAU offers an MPhil in Gender Studies focusing on gender theory, women's empowerment, gender and development, and gender-based research methodologies."
What computing facilities are available for MPhil students at QAU?,"MPhil students at QAU have access to advanced computing labs, specialized software for research, high-performance computing clusters for data analysis, and technical support services."
Does QAU offer an MPhil in Defense and Strategic Studies?,"Yes, QAU offers an MPhil in Defense and Strategic Studies focusing on national security, strategic analysis, conflict resolution, and international security frameworks."
What is the policy for semester deferment for MPhil students at QAU?,"MPhil students at QAU can request semester deferment with valid reasons (medical, personal emergency), supporting documentation, and approval from the Graduate Studies Committee."
Does QAU offer an MPhil in Linguistics?,"Yes, QAU offers an MPhil in Linguistics focusing on theoretical linguistics, applied linguistics, sociolinguistics, psycholinguistics, and language documentation."
What hostel facilities are available for MPhil students at QAU?,"QAU provides hostel facilities for MPhil students with priority allocation for outstation students. Facilities include furnished rooms, mess, internet connectivity, and common study areas."
Does QAU offer an MPhil in Political Science?,"Yes, QAU offers an MPhil in Political Science focusing on political theory, comparative politics, political economy, public policy, and governance studies."
What is the plagiarism policy for MPhil thesis at QAU?,QAU follows HEC guidelines for plagiarism detection. MPhil theses must pass through Turnitin software and maintain similarity index below 19%. Higher similarity may result in thesis rejection.
Does QAU offer an MPhil in Botany?,"Yes, QAU offers an MPhil in Botany through the Department of Plant Sciences, focusing on plant taxonomy, physiology, ecology, genetics, and biotechnology applications."
What is the policy for thesis supervisor selection in MPhil programs at QAU?,"MPhil students at QAU can select thesis supervisors based on research interest alignment, faculty availability, and mutual agreement. The selection is typically formalized by the end of the second semester."
Does QAU offer an MPhil in Zoology?,"Yes, QAU offers an MPhil in Zoology through the Department of Animal Sciences, focusing on animal physiology, ecology, wildlife conservation, entomology, and parasitology."
What financial support is available for MPhil research at QAU?,"MPhil research at QAU can be financially supported through departmental research grants, HEC research grants, teaching/research assistantships, and external project funding from various organizations."
Does QAU offer an MPhil in Electronics?,"Yes, QAU offers an MPhil in Electronics focusing on communication systems, digital signal processing, microelectronics, and embedded systems design."
What is the policy for MPhil thesis format at QAU?,"MPhil thesis at QAU must follow the prescribed format including preliminary pages, chapters (introduction, literature review, methodology, results, discussion, conclusion), and references in a specified citation style."
Does QAU offer an MPhil in Business Administration?,"Yes, QAU offers an MPhil in Business Administration through the School of Management Sciences, focusing on advanced management theory, strategic management, and specialized business functions."
What is the procedure for external examiner selection for MPhil thesis at QAU?,"External examiners for MPhil theses at QAU are selected from a panel of experts approved by the Board of Advanced Studies and Research, typically professors from other universities with relevant expertise."
Does QAU offer an MPhil in Pakistan Studies?,"Yes, QAU offers an MPhil in Pakistan Studies focusing on Pakistan's history, politics, economy, society, foreign relations, and cultural heritage."
What is the seminar presentation requirement for MPhil students at QAU?,MPhil students at QAU are typically required to present their research work in at least one departmental seminar Retrospective
Does QAU offer an MPhil in Arabic?,"Yes, QAU offers an MPhil in Arabic focusing on Arabic literature, linguistics, rhetoric, translation studies, and cultural aspects of Arab world."
What is the procedure for thesis title change for MPhil students at QAU?,"MPhil thesis title changes at QAU require formal application with justification, supervisor recommendation, and approval from the Graduate Studies Committee before final thesis submission."
Does QAU offer an MPhil in Urdu?,"Yes, QAU offers an MPhil in Urdu focusing on classical and modern Urdu literature, linguistics, literary criticism, and research methodologies in Urdu studies."
What conference participation opportunities are available for MPhil students at QAU?,"MPhil students at QAU can participate in national and international conferences with financial support from the university research fund, subject to paper acceptance and approval."
Does QAU offer an MPhil in Persian?,"Yes, QAU offers an MPhil in Persian focusing on classical and modern Persian literature, linguistics, poetry analysis, and cultural studies."
What lab facilities are available for MPhil science students at QAU?,"MPhil science students at QAU have access to specialized research laboratories equipped with advanced instruments, analytical equipment, and technical support for experimental research."
Does QAU offer an MPhil in Education?,"Yes, QAU offers an MPhil in Education focusing on educational psychology, curriculum development, educational management, and research methods in education."
What is the policy for changing research topic during MPhil at QAU?,"Changing research topics during MPhil at QAU requires formal application with justification, new research proposal, supervisor approval, and endorsement by the departmental graduate committee."
Does QAU offer an MPhil in Food Science?,"Yes, QAU offers an MPhil in Food Science focusing on food processing, preservation, quality control, nutritional analysis, and food safety management."
What is the progress report requirement for MPhil students at QAU?,"MPhil students at QAU are typically required to submit semester-wise progress reports endorsed by their supervisors to the Graduate Office, detailing research advancement, challenges, and future plans."
Does QAU offer an MPhil in Pharmacy?,"Yes, QAU offers an MPhil in Pharmacy focusing on pharmaceutical chemistry, pharmacology, pharmaceutics, pharmacognosy, and clinical pharmacy."
What software resources are available for MPhil research at QAU?,"MPhil students at QAU have access to specialized research software including statistical packages (SPSS, R, STATA), simulation software, design tools, and discipline-specific applications."
Does QAU offer an MPhil in Remote Sensing and GIS?,"Yes, QAU offers an MPhil in Remote Sensing and GIS focusing on spatial analysis, satellite imagery interpretation, geographic information systems, and environmental monitoring."
What is the policy for MPhil thesis resubmission after rejection at QAU?,"If an MPhil thesis at QAU is rejected, students may be allowed one resubmission after addressing all concerns raised by examiners, within six months of the initial decision."
Does QAU offer an MPhil in Development Studies?,"Yes, QAU offers an MPhil in Development Studies focusing on economic development, social change, sustainable development, policy analysis, and international development."
What teaching assistantship opportunities are available for MPhil students at QAU?,"MPhil students at QAU can apply for teaching assistantships which provide financial support in exchange for assisting faculty with undergraduate teaching, lab supervision, and grading."
Does QAU offer an MPhil in Energy Systems Engineering?,"Yes, QAU offers an MPhil in Energy Systems Engineering focusing on renewable energy, power systems, energy efficiency, and sustainable energy technologies."
What is the process for research ethics approval for MPhil research at QAU?,"MPhil research at QAU involving human subjects, animals, or sensitive data requires approval from the University Research Ethics Committee before data collection can begin."
Does QAU offer an MPhil in Applied Linguistics?,"Yes, QAU offers an MPhil in Applied Linguistics focusing on language teaching methodologies, discourse analysis, second language acquisition, and computational linguistics."
Does QAU offer a PhD in Biochemistry?,"Yes, QAU offers a PhD in Biochemistry focusing on advanced research in protein chemistry, enzymology, molecular biology, metabolism, and biochemical techniques."
What is the duration of PhD programs at QAU?,"PhD programs at QAU typically require 3-5 years to complete, with a minimum of 18 credit hours of coursework and a dissertation based on original research."
What are the admission requirements for PhD programs at QAU?,"Admission requirements for PhD programs at QAU include a relevant MS/MPhil degree with at least 3.0 CGPA, passing the GAT/GRE subject test, research proposal, and interview."
Does QAU offer a PhD in Physics?,"Yes, QAU offers a PhD in Physics with specializations in theoretical physics, experimental physics, condensed matter physics, nuclear physics, and particle physics."
What is the fee structure for PhD programs at QAU?,"PhD program fees at QAU typically range from 40,000 to 60,000 PKR per semester for local students, plus dissertation evaluation fee, admission fee, and other charges."
Does QAU offer scholarships for PhD students?,"Yes, QAU offers various scholarships for PhD students including HEC Indigenous Scholarships, university merit scholarships, research assistantships, and international funding opportunities."
What is the admission process for PhD programs at QAU?,"The PhD admission process at QAU includes online application submission, entrance test, research proposal evaluation, interview by departmental committee, and final selection based on merit."
When are PhD admissions announced at QAU?,PhD admissions at QAU are typically announced once a year in the Fall semester (July-August). Exact dates are published on the university website and in national newspapers.
Does QAU offer a PhD in Computer Science?,"Yes, QAU offers a PhD in Computer Science with specializations in artificial intelligence, machine learning, computer networks, cybersecurity, and software engineering."
What is the dissertation requirement for PhD programs at QAU?,"The PhD dissertation at QAU requires significant original research contribution to the field, supervised by a qualified faculty member, defended before a committee including external examiners."
Does QAU offer a PhD in Economics?,"Yes, QAU offers a PhD in Economics with specializations in development economics, econometrics, monetary economics, international trade, and public finance."
What is the comprehensive examination requirement for PhD programs at QAU?,"PhD students at QAU must pass a comprehensive examination after completing coursework, testing broad knowledge of the discipline and specialized knowledge in the research area."
Does QAU offer a PhD in International Relations?,"Yes, QAU offers a PhD in International Relations focusing on global politics, security studies, foreign policy analysis, diplomatic history, and international organizations."
What research facilities are available for PhD students at QAU?,"PhD students at QAU have access to advanced research laboratories, specialized equipment, high-performance computing facilities, research databases, and international research networks."
Does QAU offer a PhD in Chemistry?,"Yes, QAU offers a PhD in Chemistry with specializations in organic chemistry, inorganic chemistry, physical chemistry, analytical chemistry, and environmental chemistry."
What is the PhD dissertation proposal defense requirement at QAU?,"PhD students at QAU must defend their dissertation proposals before a departmental committee, demonstrating research significance, methodology, and feasibility."
Does QAU offer a PhD in Biotechnology?,"Yes, QAU offers a PhD in Biotechnology focusing on genetic engineering, molecular biology, industrial biotechnology, medical biotechnology, and agricultural applications."
What is the minimum CGPA requirement for PhD programs at QAU?,PhD students at QAU must maintain a minimum CGPA of 3.0 out of 4.0 in coursework. Falling below this threshold may result in academic probation or dismissal.
Does QAU offer a PhD in Mathematics?,"Yes, QAU offers a PhD in Mathematics with specializations in algebra, analysis, geometry, topology, number theory, and applied mathematics."
What is the supervisor allocation process for PhD students at QAU?,"PhD supervisor allocation at QAU is based on research interest alignment, faculty expertise and availability, mutual agreement, and departmental approval of the research proposal."
Does QAU offer a PhD in Microbiology?,"Yes, QAU offers a PhD in Microbiology focusing on medical microbiology, environmental microbiology, industrial microbiology, antimicrobial resistance, and microbial genetics."
What is the dissertation defense procedure for PhD programs at QAU?,"PhD dissertation defense at QAU involves submission of the final draft, evaluation by external examiners, public presentation, viva voce examination, and addressing committee feedback before final approval."
Does QAU offer a PhD in Psychology?,"Yes, QAU offers a PhD in Psychology with specializations in clinical psychology, cognitive psychology, developmental psychology, and social psychology."
What is the publication requirement for PhD students at QAU?,PhD students at QAU are typically required to publish at least one research paper in an HEC recognized journal (preferably impact factor journal) before dissertation defense.
Does QAU offer a PhD in Environmental Sciences?,"Yes, QAU offers a PhD in Environmental Sciences focusing on pollution monitoring and control, climate change studies, environmental impact assessment, and sustainable resource management."
What is the coursework requirement for PhD programs at QAU?,"PhD programs at QAU require a minimum of 18 credit hours of coursework, including core courses, specialized electives, and research methodology courses relevant to the research area."
Does QAU offer a PhD in Statistics?,"Yes, QAU offers a PhD in Statistics with specializations in biostatistics, econometrics, time series analysis, multivariate analysis, and statistical computing."
What is the policy for foreign/international PhD supervision at QAU?,"PhD students at QAU may have co-supervisors from foreign universities through formal collaboration arrangements, enhancing international research connections and expertise."
Does QAU offer a PhD in Anthropology?,"Yes, QAU offers a PhD in Anthropology focusing on social and cultural anthropology, archaeological studies, physical anthropology, and anthropological theory."
What is the progress assessment requirement for PhD students at QAU?,PhD students at QAU must submit semi-annual progress reports and undergo annual progress evaluation by a departmental committee to ensure satisfactory advancement in research.
Does QAU offer a PhD in Bioinformatics?,"Yes, QAU offers a PhD in Bioinformatics focusing on computational biology, genomics, proteomics, biological data analysis, and bioinformatics tools development."
What is the policy for changing supervisors during PhD at QAU?,"Changing PhD supervisors at QAU requires formal application with valid justification, approval from the current and proposed supervisors, and endorsement by the Advanced Studies Committee."
Does QAU offer a PhD in Islamic Studies?,"Yes, QAU offers a PhD in Islamic Studies with specializations in Islamic jurisprudence, Islamic history, Quranic studies, Hadith sciences, and comparative religions."
What is the policy for dissertation submission deadline extensions for PhD students at QAU?,"PhD dissertation submission deadline extensions at QAU may be granted for up to one year with proper justification, supervisor recommendation, and approval from the Advanced Studies Committee."
Does QAU offer a PhD in Sociology?,"Yes, QAU offers a PhD in Sociology focusing on sociological theory, research methodology, social stratification, urban sociology, and development studies."
What is the minimum and maximum duration to complete PhD at QAU?,"The minimum duration to complete a PhD at QAU is 3 years, while the maximum allowed time is typically 8 years, after which special permission is required for continuation."
Does QAU offer a PhD in Earth Sciences?,"Yes, QAU offers a PhD in Earth Sciences with specializations in geology, geophysics, hydrogeology, geochemistry, and environmental geology."
What is the procedure for external examiner selection for PhD dissertation at QAU?,"PhD dissertation external examiners at QAU include two foreign experts and one national expert, selected from a panel approved by the Advanced Studies Committee based on relevant expertise."
Does QAU offer a PhD in Public Administration?,"Yes, QAU offers a PhD in Public Administration focusing on governance, public policy analysis, administrative theory, and public sector management."
What is the plagiarism policy for PhD dissertations at QAU?,QAU follows HEC guidelines for plagiarism detection. PhD dissertations must pass through Turnitin software and maintain similarity index below 19%. Higher similarity results in rejection.
Does QAU offer a PhD in Mass Communication?,"Yes, QAU offers a PhD in Mass Communication focusing on media theory, journalism, broadcasting, digital media, and communication research."
What are the library resources available for PhD students at QAU?,"PhD students at QAU have access to extensive library resources including international journals, online databases, e-books, thesis repositories, inter-library loan, and research consultation services."
Does QAU offer a PhD in History?,"Yes, QAU offers a PhD in History with specializations in South Asian history, Islamic history, modern world history, and historiography."
What is the procedure for dissertation format and submission at QAU for PhD students?,"PhD dissertation submission at QAU requires following prescribed format guidelines, plagiarism check, supervisor approval, external evaluation, and submission of required copies after defense."
Does QAU offer a PhD in Gender Studies?,"Yes, QAU offers a PhD in Gender Studies focusing on gender theory, women's empowerment, gender and development, and feminist research methodologies."
What computing facilities are available for PhD students at QAU?,"PhD students at QAU have access to high-performance computing clusters, specialized research software, data analysis tools, and technical support for computational research."
Does QAU offer a PhD in Defense and Strategic Studies?,"Yes, QAU offers a PhD in Defense and Strategic Studies focusing on national security, strategic analysis, conflict resolution, and international security frameworks."
What is the policy for international research visits for PhD students at QAU?,"PhD students at QAU may undertake international research visits through split PhD programs, sandwich programs, or short-term research exchanges, with funding from HEC, international partners, or university grants."
Does QAU offer a PhD in Linguistics?,"Yes, QAU offers a PhD in Linguistics focusing on theoretical linguistics, applied linguistics, sociolinguistics, psycholinguistics, and language documentation."
What hostel facilities are available for PhD students at QAU?,"QAU provides priority hostel accommodation for PhD students with facilities including furnished rooms, internet connectivity, common study areas, and longer-term residence options."
Does QAU offer a PhD in Political Science?,"Yes, QAU offers a PhD in Political Science focusing on political theory, comparative politics, political economy, governance, and policy analysis."
What is the policy for dissertation copyright and intellectual property at QAU?,"PhD dissertation copyright at QAU is typically shared between the student and university, with specific arrangements for patents and commercialization outlined in the university IP policy."
Does QAU offer a PhD in Botany?,"Yes, QAU offers a PhD in Botany through the Department of Plant Sciences, focusing on plant taxonomy, physiology, ecology, genetics, and conservation biology."
What financial support is available for PhD research at QAU?,"PhD research at QAU can be financially supported through HEC indigenous scholarships, university research grants, international research projects, and industry-sponsored research."
Does QAU offer a PhD in Zoology?,"Yes, QAU offers a PhD in Zoology through the Department of Animal Sciences, focusing on animal physiology, ecology, conservation biology, parasitology, and entomology."
What is the policy for collaborative and interdisciplinary PhD research at QAU?,"QAU encourages collaborative and interdisciplinary PhD research through joint supervision across departments, research centers collaboration, and partnerships with external institutions."
Does QAU offer a PhD in Electronics?,"Yes, QAU offers a PhD in Electronics focusing on communication systems, signal processing, microelectronics, embedded systems, and electronic materials."
What is the policy for PhD dissertation embargo or confidentiality at QAU?,"PhD dissertations at QAU may be placed under embargo for up to three years if they contain sensitive information, proprietary data, or pending patent applications, with proper approval."
Does QAU offer a PhD in Business Administration?,"Yes, QAU offers a PhD in Business Administration through the School of Management Sciences, focusing on advanced management theory, organizational behavior, finance, and strategic management."
What conference participation support is available for PhD students at QAU?,"PhD students at QAU can receive financial support for presenting research at national and international conferences through university travel grants, subject to paper acceptance."
Does QAU offer a PhD in Pakistan Studies?,"Yes, QAU offers a PhD in Pakistan Studies focusing on Pakistan's history, politics, economy, society, culture, and international relations."
What is the policy for cotutelle or joint PhD programs at QAU?,"QAU offers cotutelle or joint PhD arrangements with partner universities internationally, allowing students to receive joint supervision and potentially dual degrees upon completion."
Does QAU offer a PhD in Arabic?,"Yes, QAU offers a PhD in Arabic focusing on Arabic literature, linguistics, rhetoric, Islamic texts in Arabic, and Arabic cultural studies."
What is the procedure for thesis title change for PhD students at QAU?,"PhD dissertation title changes at QAU require formal application with justification, supervisor recommendation, and approval from the Advanced Studies Committee."
Does QAU offer a PhD in Urdu?,"Yes, QAU offers a PhD in Urdu focusing on classical and modern Urdu literature, linguistics, literary criticism, and research methodologies in Urdu studies."
What lab facilities are available for PhD science students at QAU?,"PhD science students at QAU have access to specialized research laboratories with advanced equipment, analytical instruments, and technical support for experimental research."
Does QAU offer a PhD in Persian?,"Yes, QAU offers a PhD in Persian focusing on classical and modern Persian literature, Persian linguistics, poetry analysis, and Persian cultural studies."
What is the policy for part-time PhD studies at QAU?,"Part-time PhD studies at QAU may be permitted for professionals with extended duration (up to 8 years), requiring the same academic standards and research quality as full-time programs."
Does QAU offer a PhD in Education?,"Yes, QAU offers a PhD in Education focusing on educational psychology, curriculum development, educational policy, higher education, and educational research methodologies."
What teaching opportunities are available for PhD students at QAU?,"PhD students at QAU can gain teaching experience through teaching assistantships, guest lectures, undergraduate course instruction, and lab supervision with faculty mentorship."
Does QAU offer a PhD in Food Science?,"Yes, QAU offers a PhD in Food Science focusing on food processing technologies, food safety, nutritional analysis, food product development, and quality control."
What is the policy for sandwich PhD programs at QAU?,"QAU supports sandwich PhD programs allowing students to conduct part of their research at partner institutions abroad while maintaining enrollment at QAU, enriching research experience."
Does QAU offer a PhD in Pharmacy?,"Yes, QAU offers a PhD in Pharmacy focusing on pharmaceutical chemistry, pharmacology, pharmaceutics, drug design, and clinical pharmacy research."
What is the procedure for research ethics approval for PhD research at QAU?,"PhD research at QAU involving human subjects, animals, or sensitive data requires detailed protocol submission and approval from the University Research Ethics Committee before data collection."
Does QAU offer a PhD in Remote Sensing and GIS?,"Yes, QAU offers a PhD in Remote Sensing and GIS focusing on advanced spatial analysis, satellite imagery applications, geographic information science, and environmental monitoring."
What international collaborations are available for PhD research at QAU?,"PhD students at QAU can participate in international collaborations through joint research projects, visiting researcher programs, international conferences, and academic exchanges with partner universities."
Does QAU offer a PhD in Development Studies?,"Yes, QAU offers a PhD in Development Studies focusing on economic development, social change, sustainability, policy analysis, and international development frameworks."
What is the policy for PhD dissertation resubmission after rejection at QAU?,"If a PhD dissertation at QAU is rejected, students may be allowed one resubmission after addressing all concerns raised by examiners, typically within one year of the initial decision."
Does QAU offer a PhD in Energy Systems Engineering?,"Yes, QAU offers a PhD in Energy Systems Engineering focusing on renewable energy technologies, power systems optimization, energy efficiency, and sustainable energy solutions."
What support is available for PhD students publishing research at QAU?,"QAU provides support for PhD students publishing research through publication fee coverage for impact factor journals, editorial assistance, workshops on scientific writing, and mentorship."
Does QAU offer a PhD in Applied Linguistics?,"Yes, QAU offers a PhD in Applied Linguistics focusing on language teaching methodology, sociolinguistics, language assessment, psycholinguistics, and discourse analysis."
What is the process for dissertation binding and final submission for PhD at QAU?,"PhD dissertation final submission at QAU requires binding the approved dissertation in specified hard cover, submitting required printed copies and electronic version to the university library."
Does QAU offer a PhD in Software Engineering?,"Yes, QAU offers a PhD in Software Engineering focusing on advanced software development methodologies, software architecture, formal methods, and software quality assurance."
What opportunities exist for PhD students to collaborate with industry at QAU?,"PhD students at QAU can collaborate with industry through industry-sponsored research projects, internships, consultancy work, technology transfer initiatives, and joint R&D ventures."
Does QAU offer a PhD in Plant Biotechnology?,"Yes, QAU offers a PhD in Plant Biotechnology focusing on plant genetic engineering, tissue culture, molecular breeding, plant genomics, and agricultural applications."
What is the foreign language requirement for PhD students at QAU?,"While not universal, some PhD programs at QAU (particularly in humanities and social sciences) require proficiency in a foreign language relevant to the research area, demonstrated through examination."
Does QAU offer a PhD in Clinical Psychology?,"Yes, QAU offers a PhD in Clinical Psychology focusing on psychological assessment, psychotherapy approaches, mental health disorders, neuropsychology, and clinical interventions."
What post-doctoral opportunities are available for PhD graduates from QAU?,"PhD graduates from QAU can pursue post-doctoral research through university fellowships, HEC post-doctoral programs, international scholarships, and research project positions."
What international programs are available at QAU?,"QAU offers various international programs including exchange programs with partner universities, dual degree programs, visiting scholar opportunities, international research collaborations, and specialized programs for international students."
Does QAU accept international students?,"Yes, QAU accepts international students for undergraduate, graduate, and doctoral programs through regular admission processes with additional requirements for visa documentation and equivalence certificates."
What is the application process for international students at QAU?,"International students applying to QAU must submit online applications, academic credentials with equivalence certificates, proof of English proficiency, passport copies, financial statements, and health certificates."
Does QAU offer scholarships for international students?,"Yes, QAU offers scholarships for international students through programs like Pakistan Technical Assistance Program (PTAP), Cultural Exchange Programs, HEC scholarships, and bilateral educational agreements."
What is the fee structure for international students at QAU?,"International students at QAU typically pay higher tuition fees than local students, ranging from US$3,000-5,000 per year depending on the program level and department."
What visa support does QAU provide for international students?,"QAU provides international students with admission letters and supporting documents required for student visa applications, along with guidance through the International Office on visa processes."
Does QAU offer English language programs for international students?,"Yes, QAU offers English language support programs for international students including intensive English courses, language partners, and English proficiency development workshops."
What accommodation options are available for international students at QAU?,"International students at QAU have priority access to on-campus hostels with furnished rooms, mess facilities, internet connectivity, and security. Some may opt for off-campus housing with university assistance."
What are the English proficiency requirements for international students at QAU?,International students at QAU typically need to demonstrate English proficiency through TOEFL (minimum 550 paper-based/79 internet-based) or IELTS (minimum 6.0 overall) scores.
Does QAU have an orientation program for international students?,"Yes, QAU conducts orientation programs for international students covering university policies, academic expectations, cultural adjustment, local customs, safety, and available support services."
